{
  "mae": {
    "x": 0.106253482401371,
    "y": 0.11279372125864029,
    "z": 0.07270899415016174
  },
  "rmse": {
    "x": 0.1349172741174698,
    "y": 0.14058461785316467,
    "z": 0.09339123219251633
  },
  "dataset": {
    "train": 7000,
    "validation": 1500,
    "test": 1500
  }
}