{
  "mae": {
    "x": 0.1159532368183136,
    "y": 0.11829253286123276,
    "z": 0.0761900320649147
  },
  "rmse": {
    "x": 0.1449323445558548,
    "y": 0.14884476363658905,
    "z": 0.09540575742721558
  },
  "dataset": {
    "train": 7000,
    "validation": 1500,
    "test": 1500
  }
}